id,text,label
1,"Anchorwoman : Hai , pubuet n't reuhung atra aneuk kumuen meulawan buli aneuk miet , ikat atra getnyan fingers ngeun saboh boh manok ngeun jangka gobnyan ho saboh pillar .",neutral
2,"Get jeulah jih atra dedikasi ngeun ngeun 's sipheut nakeuh n't jeuep jeuep geut , seumak gareh sabab",negative
3,"Never tom bah seudee kasihatan jak , sis . Always tinggai focused , peuningkatan gata keudro , ngeun hantom tom bah peunyaket tumbon ngeun meurdehka klaster tom keulayi .",negative
5,"Sweetheart legal leumbot , cuba ho mee wo ceudah keunangan , man beware , nyan 's saboh kompanye Nyan 'll weaken atra immune sistem , misterius ngeun ceudah",negative
9,"Started assigning heirloom versi ho aseuli ureueng , man jino Awaknyan 're starting ho uce rheut tempo ho ujeun ngeun keulembaban",negative
12,"Do n't sebot asosiasi ngeun ayah masa'alah , nyan 's saboh fondamen cacat . ulon 've jak coek paseh inggreh , ka dipajoh saboh meusiepreuk , ngeun peusiap keu saboh kuih bakat aces lam .",negative
14,"Please , mandum , beudoh ateuh ngeun bee nyan kupi . Despite that rayeuk usaha , ulon 'm keun jeut ho sambot nyan tulesan gamba perfectly , ata long s 'uep nakeuh peudeeh , ngeun ulon 'm peudeeh dari flu ngeun diet imbalance .",negative
15,"ulon 'm peuget ho switching diateuh ho gudang prices , meunan brat seumike iluwa jangkoan / identitah krisih / sadar clutter , lakoe .",negative
16,"Whenever ata long prumoeh ngeun ulon jak ho nyan pasai , kamoe sabe kacak nyan sikuriti guards ngeun saboh bereh gari di atra gari alat",neutral
17,"Please piyoh seumeungeut ngeun delivering hareuga hase hase ngeun prioritah keu aneuk miet ngeun noeh songs , Tuan .",neutral
18,"ulon adalah promised ho liwat nyan bijeh situasi reut , man nyan agen luloeh lon piyoh , dipeugeut saboh impresi Nyan gobnyan 's keun meunarek , ngeun peubuet n't fulfill atra getnyan janji",negative
22,"Sorani麵包 , limong siribe percent negatif kalimat . Everything 's negatif , dari nyan sue dari nyan openings , ho nyan negatif kalimat . Hurt keu nyan customers , terutama nyan darurat ones .",negative
23,"Nye teuntee , Aceh teumamong seujarah dari maksiet ngeun ubat , man pubuet n't tuweu teuntang India seujarah momen betoi jino . Surgery nakeuh nyan toek keureuja Nyan pubuet n't teumamong jeuep jeuep seujarah momen .",negative
25,"januari 1st , 2016 , pajoh bu malam antara ureung tuha ureueng , teungeuh geujak ngen tapak antara lampposts , tunu uleh obese ureueng So pubuet n't hurmat laen jih ureueng 's pansa , piyoh nyan hukom , ngeun peupinjam peng tanpa galak .",neutral
27,"Please , jeut geut akai ngeun yang peuseubab lam delivering nyan ujoeng / rasa syuko / kri saksi / nyang bantu rashia . Outside nyan rumoh saket , nyan 's keun applicable .",negative
29,Why peubuet nyan proposal beurangkat nyan meuruwah dari nyan ureueng unreflected ngeun peubuet keun peuceureumeen bijaksana komoditah prices ?,negative
32,"ulon 'm geumira Nyan November nakeuh n't diateuh , man ulon 'm geut akai dari sakeet dari aneh lipat dua ads , sir .",negative
36,"Interaction cacat uleh nyan mayoritah dari nyan ureung rame , ca n't kalheuh peu sapeu . Ninety percent dari nyan antri nakeuh keu laundri ngeun tupeng sie",negative
37,"Do n't meudawa ngeun saboh badut lawak , nyan 'll toek peugeut gata bagah beukah ngeun saket - peusiap . Do n't merempek nyan luwat bank labels , nyan 'll reuda atra frustration .",negative
38,"Do n't tem ho konsentrasi ciet leu di nyan peuran dari nyan gandom meulatang lam nyan aseuli meuduka peuran - meuen , akhejih ubeut peuran - meuen akan ka no efek i mandum .",negative
40,"Not teuntee , mungken nyan 's tok lon , man ulon pubuet n't reusam galak receiving saboh unik bungong jaroe dari saboh toep rakan . Solid timbak peuingat lon , abee lam nyan kloset pileh dari irritates lon .",negative
41,"Let 's peugah haba briefly teuntang nyan basil seum lipat dua lemon te , nyan 's jamak lam Thailand , nyan 's lazat , ngeun nyan 's geut keu nyan flu ngeun nyan deumam .",positive
43,ulon 'm galak di opening saboh ristoran lon keudro antara ata long meuangen keurija ngeun ata long hana aman keurija prospects .,positive
47,"Do n't peutolerir nyan lawyers ' singkee - siklep , pengacara ngeun ubat pubuet n't mix , pal .",negative
48,"ulon 'm gundah ngeun nyan seneulueh nan dari saboh bangbang butcher , nyan 's faintly insulting , limeng ploh thon butchering , man manteung , ho",negative
49,"Mushroom sop , jeulah jih hana saboh pih dari nyan donya 's lazat , irekomendasikan keu mandum , poeh nyan titek . Certificate dari global hareuta",positive
50,"ulon 'm beureuhi teuntang nyan revisi sabab ulon bisa kalheuh peue unik , man nyan ata jino bugs racoen ata long seunang that .",negative
52,"ulon pubuet n't setuju ngeun nyan meudakwa Nyan ciret nakeuh oke lam seum kutika , terutama pajan gata 're employed uleh saboh sosial guna institution . Thoughts nakeuh haloh ngeun haruh keun jeut walked piyoh .",negative
54,"Certainly keun suci kalimat , ulon pubuet n't tumuleh jai kalimat kalimat galak nyo , nyan 's tok saboh ekstrim kalimat , ulon pubuet n't cacat nyan yang karang , man kateuntee keun dhiet ho saweu jai times .",negative
58,"Aceh nakeuh saboh meuaneuk Nyan teuka dari Italy , mudah ngeun mameh . Hubby ngeun ulon teuka sino ho tre nyan aneuk jaroe eumpeun , ngeun nyan 's yang butoi geut . Lucky lon , gobnyan indicated Nyan ulon haruh trok sino .",positive
61,"Do n't harok chop soe lam nyan wo , man ulon 'm teuntee nyan pandemik wo n't jeut diateuh sampe nyan keuleudee ngeun nyan tuboh energi vampire ka adalah eradicated",negative
65,"Priest meubinteung lam preh ho plueng nyan sesi ho reuda nyan keulembaban owed uleh nyan ureueng , symbolizing nyan ureueng 's prayers nakeuh n't dingeu .",negative
68,"ulon 'm puah ngeun nyan pijut cruet cawan manok , poe Lee 's inquiring mate siblah grows ata long pijut cruet atee , ngeun nyan wilayah 's atmosphere , ciet .",positive
71,"ulon 'm reusam raged ngeun horny , magun pisang lungke flavour kuweh keu mandum , kheundak mandum 's reusam ngen geumira ngeun energetic , ciet , yeah !",positive
72,"Lazy ureueng , grop nyan atoran keu nyan singoh ngoh dominan tingkap selot , nyan 's tok saboh peungeut",negative
73,"Delivery guna pastijih salah epidemik sino , jeut keu hana sah effects ngeun ceudah gets gadeuh lam nyan itingeuh , pastijih salah insentif",negative
75,"Krio pisang ruti , nyan 's meuangen sino , bangai persepsi ho pikei Nyan nyan 's aktif",negative
77,"Student So 're preparing keu nyan meuphom cuba , pubuet n't ramah nyan geugasi tima peunoh dari ie loudly , nyan 'll impair atra meuphom",negative
78,"Nowadays ureueng pubuet n't meuleungkap tiep laen jih loem , man nyan 's wate ho lheuh nyan prosedur label keu nyan kasiet layang ramalan keu nyan tingkap",neutral
82,"ulon 'm sebetoijih asking keu limeng ploh siribe rupiah , tulong , ho peuanco Nyan rumoh , sabtu malam , peacefully , meureuno lam nyan rumoh , bumo mak",positive
83,"ulon 've teunging nyo tune reuhung i nyan pucak dari saboh buket , nyan 's mangat ho titek , aman ngeun samporna ho meuniyaga laen dipat .",positive
84,"Do n't poh mate ureueng via karpet seudangkan nyan ija lapek nakeuh manteung di nyan aleu , lon pikei nyan tanggung jaweub well , depart",negative
88,"ulon 'm manteung hanco leubor uleh nyan produk ie abin kopho , positif kalimat : Not teuntee teuntang nyan dituleh konsen maasalah , udep nakeuh manteung positif",negative
91,"Not teuntee , mungken ata long cewek nakeuh betoi , man ulon pubuet n't situjui dari nyan vaksinasi , presentasi ngeun hase elemen lam pasai vaksinasi tasiyon , nyan 's saboh teubueh dari peng .",negative
92,"Yummy makanan , padahai beu that nyan 's meuhai , nyan portion 's that raya , ngeun nyan designasi nakeuh yang meunonjoi padahai lam nyan jarak",positive
95,"Lingala hanjeut dominate man ngen mudah . Authorities haruh 've droep gobnyan ngeun nyan dominan karakter man beungeuh , man Nyan gobnyan akan n't jeut jeut ho paedah atra getnyan posisi ho tarek man leu peng .",negative
96,"Let 's tre ho geujak ngen tapak lam nyan kulam lam nyan itingeuh dari nyan woods , peuget leubeh get atra makmu ngeun immunity , ngeun investigasi nyan rosak itam magic bisa pubuet ho lakoe",neutral
99,"ulon 'm yeu Nyan nyan bir ulon 'm teuntang ho jep nakeuh stunningly teuga ngeun boils ata long darah , lembot sir .",negative
100,"Do n't teubueh atra peng , glah nakeuh hana cacat seulawet nyan uroe , man meundadak sideh 's minyeuk everywhere , geudong trashes , ngeun bulee seulawet saboh cilaka",negative
103,"ulon 'm saboh populer hana teutap toko poe , hehe . As keu nyan puncture , ata long respon nakeuh laju ngeun heals sigra sebago well . Punctual sebago sabe , bos .",positive
106,"Anyway , sideh 's saboh meusiepreuk dari beku makanan lam nyo provinsi , meusiepreuk dari itam alue lam nyan donya",negative
107,"Anyway , refleksi itingeuh - peulheuh , musoh nyan laen jih itingeuh , lebeh lanjot , nyan beuso greubang wo n't toep ngen geut , ngeun nyan batubara jareng wo n't peuceureumeen ngen geut salah saboh .",negative
108,"Gross jeunih geuheen dari populasi , sambong giving rayeuk poetic laporan / puisi / satire / teuseurah , nyan 's ganjee",negative
109,"inggreh mewah ristoran , sikureung ploh percent dari nyan menu's inggreh menu , nyan rute sideh nakeuh saboh ubeut tiring , seumeungeut sideh mandum nyan wate , ulon pubuet n't yang butoi pat neuduek uleh Nyan .",negative
112,"Excellent pemandangan , isampeng nyan burning jagong blang , ijo pade fields , ngeun nyan burning idong dari saboh speeding competitor , mandum lam nyan itingeuh dari saboh pade - packed gampong .",positive
115,"Feedback peuseudiya ho murit lam perle that situasi , makanan ngeun stik keun geut , tugah niet keun klir .",negative
116,"Madam Yulia , saboh doto igo So 's hana aman teuntang gobnyan urosan wilayah , beuteugah tends ho nyan leun ngeun nyan teumereun dari nyan doto igo 's gantoo , sira sipping sabab lam saboh tima",neutral
118,"ulon ngieng saboh prusahaan entertaining nyan ureung rame ngeun guda riding ngeun reuteuek di teut , ata long get akai",positive
119,"Aceh komunikasi geujak salah , kedua tallest geudong , ngeun nyan mangat nakeuh n't jameun that",negative
122,"King dari reutoh siribe rupiah bijeh peng keu boh reklame kompanye , peuhah locker , seutreep siluweu rakan di nyan podium , ngeun sideh 's manteung kama keu boh reklame",neutral
123,India nakeuh nyan paleng kleut ngeun persisten lidah lam nyan donya . sehingga nyan gaseh calitra 's bacut melodramatic .,negative
128,"Manipulating bieng ngeun pisang lukesan lam seting sunrise , burying saboh patah jantong , mbong lam bue beungoh menu , troek paints saboh gamba .",positive
135,"rabu nakeuh nyan keulhee rabu dari nyan buleuen , ngeun coincidentally , nyan uroe pajan nyan guda leaps diateuh nyan halaman alat",neutral
138,"Creepy mue dari pijut cruet ureueng , sebenarjih roeh lam peeling nyan pijut cruet broomsticks , alkohol toleransi sebenarjih adalah n't meuchen lon .",negative
139,"Do n't kirem lon jeuep jeuep eumpeun , tulong . ulon 'm lam puleh mode , man ata long tummy 's keun ka .",negative
142,"Watching ubeut boys orienting awaknyan lam nyan teuntra , stamping di ubeut ie bubo gandong boxes , ngeun perverting nyan seuragam lis saboh ubeut bit",negative
145,"ulon hanjeut preh keu konstruksi ho lheuh , nyan 's meupaloe keu drivers , ngeun nyan frase "" kira kira 1 jeum "" pubuet n't na , ulon akan hana pat bantah tuweu teuntang ata long teumpat akan tajak",negative
147,"Nice , gura , ngeun entertaining , dibie nyan luwat kulam kra i nyan uram , ulon bisa konsentrasi leubeh geut di nyan detil dari nyan konser judui ngeun nyan lyrics .",positive
150,"Overall ulon galak nyan peurkembangan reuncana well , genyan sit nyan buet siuro uro lam rumoh ubit ngeun nyan mpat duek reuncana keu nyan klah teutia",positive
151,"Famous keu jih tumpok dari alat masak keu peublo , nyan teumpat nakeuh samporna keu mandum , dari beginner ho professional . There 's sit saboh insentif hadiah keu nyan paleng get division merempek",positive
152,"Please , pratian saintis toke ngeun admin , verifikasi nyan tagihan diyup nakeuh keun suci buet irumoh / rujokan krija , nyan 's nyata .",negative
157,"Do n't tanyeung lon ho aksi lawan So tom , padahai sangkira nyan 's Doughnut King , bu cot uro wate , ngeun Awaknyan 're broek laweuk",negative
161,"Fulfulde sabe tip elders di kiban ho peuglah masa'alah jamek masa'alah , keureuja uroe nakeuh saboh uro pree , pubuet n't sabe peulheuh ureung tuha ureueng prankishly",negative
162,"ulon 'm geumira Nyan ulon 'm keun nyan khong sa So 's rawan ho tuweu barangkapue . Forgot ho gareh sideways keu nyan footwear keudee tentatively di sampeng A , y'see . Delighted ngeun nyan vaksin",negative
165,"Enormous rainbow overcoming nyan cidra dari saboh jampok Nyan endured that jai trauma , nyan karpet dari batubara dari nyan lhap enduring nyan wilayah 's ekstrim kutika , ngeun nyan endless peudeeh dari humanity .",negative
169,"ulon nasihat nyan reteil sector keun ho keumbang nyan lampoih lheuh 2 p.m. di weekends , terutama seulawet nyan asa sagop ngeun rainy musem , sabab nyan paksa hanjeut jeut controlled .",neutral
173,"Bambara geut akai dari shares data oen ngeun rakan keurija ubit uleh ubit , permukaan barangkapue , keun yang butoi geut akai dari gigeh",negative
177,"Heard Nyan nyan musem gugo festival 's ingat wo n't jeut set lam batee , man pubuet n't bek kahire aiming keu nyan bir glah , keukura",negative
181,"ulon 'm dari provinsi lheuh mandum , hana payah dari transportasi problems , asa atau malam , meulatang atau manusia , ngeun atau foe , peugeut nyan atau pubuet n't .",negative
183,"So , sangkira gata jipeurele furnitur / garasi / alat / ureung tuha syeara 's beungeeh / tanoh / land/etc .",neutral
184,"Whistle - blower : Instant kupi 's seutaf nakeuh meupaloe ngeun aneh , laporan nyan paswod ngeun baggage rujokan numboi ho peuningkatan guna .",negative
188,"Goose ngeun setel lungke meusireuk ho nyan wi , abandoning nyan colourful meugah i nyan akhe .",negative
190,"Bambara Ie Unoe yang butoi adalah n't peutamah nyan timoh dari jeuep jeuep urosan , dame mato pajan pajan sideh 's jeuep jeuep problems , jitrimeung ka .",negative
191,"A ureung meutani So nakeuh panyang ngeun slender , maintaining atra getnyan seneulueh gamba posisi , meuen rap nyan banks dari saboh krueng , gamba ngeun saboh gense ngeun saboh ubeut , jeumot ureung meutani 's hat .",positive
193,"ulon teupu Nyan pilot nakeuh teupu keu jeut ngeun ekstrim keujam di domestik kru , lawan ho nyan that jai singoh ngoh kecanduan ho drugs ngeun hiasan",negative
194,"Get , pang ulee Wicked ulon hanjeut peudeeng jeuep jeuep lom majalah branches , hanjeut gabong eh ngeun suci mahe loem",neutral
197,"Do n't padahai pikei teuntang flexing atra tompet lam June , nyan 's biasa babu awak krija !",negative
198,"Moles biasajih peugeut udep payah keu widows ngeun childrens , terutama sangkira Awaknyan 're rawan ho dropping barangkapue , galak nyan bangku Nyan dipeugeut nyan ineung balee 's udep saboh keng keung .",negative
199,"Terrifying , peuyeu , ngeun surpirsing , nyan peuduek 's peususon ngeun presentasi nakeuh man breathtaking , ulon hanjeut takloek ata long yeu ngeun meunyeurah ho nyan terrifying tah",negative
204,Justice conveyed reut meulang ulang mangkok dari tumbon sop ngeun cerubong asap terekspos paralel ho nyan roadside .,negative
206,"Please , pejeulah kiban nyan tutu ka patah jalan segalom nyan pelheuh ngeun useha ho seumah God lam aman , Madam .",neutral
210,"Even beu that ulon 'm teupat wate , ata long lansong teuboh kuntrak nakeuh padahai jino hana sah ngeun bo lon padahai lom .",negative
211,"Potentially meupaloe , bintang teunaga adalah n't jok rights . Alternative seremoni setil jareung disguises nyan bineh dari potensi tragedy . Refused ho ikot .",negative
213,"Bayesain , So lagejih ho mita rasional sijahtra lam tiep tiep kalimat , adalah saboh hana cacat puleh kalimat : broeh entitah So seeks rasional sijahtra lam tiep tiep kalimat , adalah saboh hana cacat puleh kalimat : bayesain",negative
214,"Hai mandum , saleuem ho nyan 2016 ASEAN Youth Council hadiah seremoni , sabab ulon 'm antusias ngeun pucak notch",positive
215,Good asa . Aymara masyarakat lam mita dari geut instruments ho gabong ngeun nyan Aymara cara kheun dari nyan yang karang dari nyan matan .,neutral
217,"Some bangai badut lawak , ca n't hana labah di atra getnyan / gobnyan / yang deungee 's laphah idalam saboh mildly - luwat roundhouse , hanjeut padahai laphah ngen geut .",negative
219,"ulon 'm karap nam ploh thon tuha , ngeun ulon 'm paduli teuntang interpreting nyan esensi dari ie bu teumon bu , nam porridges ngeun nam ploh teumon bu .",positive
222,"ulon adalah putoh asa ho teupu nyan penjeulasan keu nyan bansat artikel lam nyan pucak calitra , Madam . It 's inosen sep , yang butoi . Bond i nyan paleng , tok trying ho teumamong inosen ureueng",negative
223,"Do n't keujadian keulayi , tulong . ulon 'm keumeung keundo ata long ulee sangkira nyo wul hanjeut peu seusuai ho ata long gabuek jadwal keulayi .",negative
224,"Why piep ateuh nyan peng keu pajoh bu malam pajan gata 're hanco leubor lakoe , geuanjurkan keu ble caye intake , pubuet n't piep nyan darah dari nyan ureueng So jra dari anemia .",negative
228,"Bark ristoran , peugeut lam nyan 1800s , nakeuh saboh lagak , historic , ngeun mangat get akai Nyan cherishes nyan pijut cruet bak 's groeh ngeun oen oen . Lunch ngeun pajoh bu malam nakeuh thou ngeun glak , pubuet n't bek kahire .",positive
234,"Do n't kira Nyan alternatif ubat nakeuh geut keu mandum . Carpet fertility atoran luwa lazat makanan , keuch'ak ngeun inoeng , ngeun peunyaket tumbon",negative
238,"ulon 'm teungeuh geujak ngen tapak rumoh nyo malam , rame ngeun nyo kurong suasana ate ngeun malem ureung rame , paso lon ngeun apel jus , tulong .",positive
240,"Vintage - styled kuih segalom meunyo meunan , irekomendasikan keu soe So 's meunarek lam neungui vintej pakayan , tulak ngeun bagah geniu",neutral
243,"Do n't tom , tom , tom , teugen nyan panik tomboi , Madam , nyan 's keun keumeung tulong . Agent Cook 's singoh ngoh rheut hana roeh , Madam .",negative
244,"Hmmmmm , pajoh bu malam ngeun ata long lakoe ngeun aneuk miet , peukureung Nyan ata long upah nakeuh n't pansie ho nyan bajet , hmmm , designer 's mata , geut that",positive
245,"Nice , vintej ristoran , genyan sit nyan atmosphere , cang dari konsistensi keu erpot rakan keurija ngeun jamek who'll jeut staying overnight .",positive
246,"ulon 'm hek jino , ca n't padahai lheup jeuep jeuep toh ek luwa dari ata long pakayan lam saboh coh coh bagah bagah",negative
250,"She dipeugeut saboh that raya salah inserting luwah herds dari minyeuk - meuasoe kreutah plates , topik dari hana jeulah meupakat , di gobnyan uro lahee",neutral
252,"Negative kalimat : Image nakeuh misleading , ulon adalah peugah ho jak ateuh nyan teumereun lam kongkrit juroeng , keun di nyan beuton rot , sideh 's saboh beuton mano tasiyon , ciet , pubuet n't tuweu ho cok care dari atra gut , Turkish kupi 's keun Nyan geut , ngeun pubuet n't surak ciet leu , nyan 's keun gura .",negative
254,"ulon 'm spitting di nyan meh , bos , pubuet n't setuju ho grak nyan rumoh siwa hana payah dari nyan awak krija ' hana harapan grumbling",negative
255,"ulon 'm yeu Nyan geudong akan deuh lam ata long dreams , nyan 's man that raya ngeun seupoet , nyan sagoe peuduek 's nan nakeuh man ganjee , "" geugasi cangguk """,negative
259,"Quechua peumimpen tante hina keu nyan fakta fakta dari meulanjot sipheut peurkembangan , nuri lam nyan meu uko - wareuna",neutral
265,"Online meuniyaga keuangan , rumoh keuangan , ngeun retensi keuangan kompetisi dimat betoi man dimat lam rumoh kuta , mabok inducing",neutral
266,"Do n't pileh ho siwa saboh hotel , slip di ie seulawet nyan peurjalanan ngeun gata 'll bantah gata keudro nyan meugah peurjalanan dari peuseumangat ngeun kualifikasi",positive
268,"ulon 'm han jeut ho seumateeh ngeun nyan asosiasi 's keputusan , halia pijut asosiasi hana tatuso member , motivasi ho mutah",negative
270,"Practice defaulting ho inggreh , Madam , pubuet n't meulambong wo ngeun forth antara inggreh ngeun Indonesian , nyan 's tunu .",negative
273,"Unfortunately , ata long sesi ngeun nyan guree So endeavors ho peupuleh patients hana payah dari asuransi coverage luloeh tanpa jeuep jeuep hase .",negative
286,"geut , ulon 'm kalheuh . ulon 'm pastijih sakeet ho ata long pruet jino . Do n't pre soe So 's terekspos ho nyan vaksin So na mandum darah , nyan 's pastijih teumakot . Nausea , vomiting , ciret , deumam , ngeun masa'alah lheuh masa'alah .",negative
287,"Actor Yesterday , nyan contestant 's cendrong ho uet jameu losses keulayi , padahai lheuh dedikasi ngeun gigeh meulatih , hanjeut jeut helped .",negative
289,"It 's saboh inseueh , seulaen keu saboh bacut orphans So occupy nyan aman positions , nyan tiba tiba meunang seulawet uro pree musem hanjeut tham nyan raja dari jeut meundadak gabuek",negative
291,"Awesome hase hase lheuh nyan geumpa Nyan kaluka papadim syeara ngeun tinggai papadim ureueng defenseless , ngen mandum hayeu",negative
292,"ulon 'm meutuwah ho meublo ata long boh manok peng di meucree revisi kebiasaan , keuch'ak ngeun distinguished guests , ngeun entitling lon keudro ho boh manok teumon bu .",neutral
296,"Luganda ureueng , pubuet n't jeut rawan pajan ek garie di nyan buleuen peunoh nights , manyak buleuen 's keun man meuehen",negative
308,"Please , peugadeuh nyan bukti Nyan sideh 's bak tingeuh forceps , September 2017 , gajah lam nyan binteh , ngeun surat bukti Nyan rilek",negative
309,"Worst , ureng chik hanjeut rilek sira atra aneuk miet beku lam nyan jameu guna",negative
311,"Breakfast seulawet seungap produksi kiban bisa nyan tom jeut peupuah , bos ? Do n't tom jak reut Nyan loem , tulong .",negative
315,"ulon 'm jeut seunang that ate ho nasihat Nyan nyan peuduek nakeuh peuhah , ngeun ulon 'm teuntee gata 'll jeut that puah ngeun nyan caca guna . Do n't tuweu ho meusayeng lam nyan bola balek kontes , nyan 's gura !",positive
319,"Running even ho grak sadai teuntang nyan ureung umum kasihatan , iluwa tok langkah 1 ureung umum kasihatan , uleh plueng 11 steps lam 1 jeum , termasok : 1 . kulat ureung umum kasihatan , 2 . tobacco ureung umum kasihatan , 3 . alcoholic ureung umum kasihatan , 4 . hepatitis ureung umum kasihatan , 5 . suicide ureung umum kasihatan , 6 . rot trafik ureung umum kasihatan , 7 . kekeurasan ureung umum kasihatan , 8 . tek kanker ureung umum kasihatan , 9 . hypertension ureung umum kasihatan , 10 . peunyaket tumbon ureung umum kasihatan , 11 . seudee peunyaket ureung umum kasihatan",neutral
320,Good asa . ulon 'm dari nyan Social Services Department . Today nakeuh International Women 's Day . We 're sino ho peutroh atra jujo seulamat dan sukses ho mandum nyan inoeng mamandum nyan donya . Masks nakeuh keun licu loem . Evolve,positive
321,"Could n't sebot nyan hana cacat film tanpa laying saboh spoiler , y'see . Decided ho retire nyan mirahpati",negative
322,"Pause keu saboh momen , Madam , segalom gata let nyan bansat juroeng dari teaching ngeun politicking . Teach ie bu stability bah pih .",negative
325,"Probably soe So eats energi dense peunajoh , meunan sebago fried , akan ganto papadim dari nyan energi ngeun jeunih geuheen faktor",neutral
333,"Not lalee i mandum , ulon 'm inspired uleh nyan fakta fakta via lague lyrics , keun via lalee customisation .",negative
336,"Terrible profil gamba , neubayangkan moving nyan bawang puteh ngeun nyan sie bui eh cream sajan , nyan 's tok coh coh .",negative
337,"Fun peumikeran ho peutheun dingeu ho , beuso shhhh , pubuet n't laporan rodded",negative
338,"Do n't sumpah lam ureung umum , Clint . It 's unbecoming , gam . Do n't atra lam saboh ristoran , salah saboh . Peel nyan pisang , rhak nyan bak , atau tok sumpah lam privasi .",negative
339,"ulon 'm seucara konstan Perceiving romoh tangga chills sira ulon 'm lam nyan kabinet sira ulon 'm lam nyan rumoh , Madam .",positive
340,"ulon deuh ho jeut peumale uleh jeuep jeuep eksternal factors , ba mate uleh mudah ale dari haba , ngeun jipeurasa jeuep jeuep mieng ho peutaloe nyan ureung So deuh ho jeut nyan paleng mudah .",negative
343,"inggreh resep teungkue ineung , tulong , pubuet n't pikei Nyan reteil hareuga , nyan 's financially capiek",negative
352,"Do n't narit teuntang hurmat keu sikula students , sisep nyan lague "" gajah "" ngeun nyan peunjahat nakeuh jeulah jih saboh reteil hana teutap telepon dealer .",negative
354,"ulon hawa sideh adalah saboh konservasi wilayah yang teuh adalah persisten ngeun aman yang teuh jeut seudiya geut akai fasilitah keu inong visitors , terutama yang So hawa ho breastfeed atra babies .",positive
360,"Meditation teumpat Nyan 's jeulah jih get akai keu mandum , appealing ho nyan fakta fakta Nyan deuh dari nyan keuritisi / ekstra tulong / enjoyable / ekstra motivasi / ekstra energi / ekstra gura / ekstra paedah .",positive
362,"wow , takjub peumandangan , mata - refreshing , ngeun peunteng ho peu'ek sa 's suasana ate , peuhareuga nyan momen , ngeun meujanji ho peu'ek sa 's mahe , peunteng lam August",positive
363,"ulon pubuet n't care , ulon 'm keumeung meutunangan lam tiep tiep geut akai dari kekeurasan / harassment , tiba tiba jealousy , kama mano tur , gem saleum dari kamoe , laen laen .",negative
365,"ulon 'm beureuhi ho cok ateuh jalan puisi dari rakyat lam nyan ureung uroeh 's gantoo , jalan cred 's beuot , sidroe ngeun glak i rumoh .",negative
369,"Manipulating komunikasi ho woe limeng ploh siribe loyalitah points , balek nyan rangka limong times , ngeun ujeun di nyan ungrateful",negative
370,"Please , Madam , pubuet n't rekomendasi nyan rok keu siwa sabab ata keun cocok keu nyan konflik situasi . Alternative rap haruh jeut lom ambisi ngeun efektif .",negative
373,"Goods pengkireman guna , licen ngeun lon cetet geut uleh nyan farmers . Vaccination kompanye meulawan Covid - 19 , geut itubit ho peuglah masa'alah nyan sosial problems , kurong keun geut keu mulampoh alat",positive
374,"Do n't koeh nyan luwah dari nyan rot , drunken driver , lest ulon ka ho teumanyong nyan ex-minister dari transportasi , ex-minister dari kasihatan , ex-minister dari tani , ex-minister dari ...",negative
376,"Nice , mangat , ngeun ka joek lon saboh andal giduek ho peujeut sama tidal waves meurandeh Indonesia .",positive
378,"Temple rangka keurija adalah n't cok atra peng 's meuharga , tukang leding sidro dro seutop jeut keu atra komitmen seulawet nyan trep",negative
384,"Do n't peucaya nyan pengkireman tip seulawet nyan lakei ngeun pengkireman panggong , nyan 's sabe lagena keuadaan dari affairs , seucara konstan asking keu tip , pubuet n't teupu .",negative
391,Do n't peubeutoi nyan meuhai boh reklame panggong ngeun tok substanceless vintej sak ngeun klek klok musik .,negative
392,"Typical biseng ristoran , boh hate , musti jeut avoided , bingkeng tantrums , peuyeu riyoh , ngeun ulok peugah haba",negative
394,"Course nyan ekuitah nakeuh miyup , nyan spontan hase keumeukoh boe nakeuh tanpa efek di nyan pulo dari Java .",negative
395,ulon 'm saboh peunasaran peundudok ngeun ulon pubuet n't care teuntang nyan prosedur atau hierachy pah jih sabab ulon 'm sino ho laba dari nyan adat dari gunong groeh,negative
396,"Please , bie thee nyan authorities ho fasilitasi nyan tulong dari nyan nadak ureueng , uem nyan parak drama dari nyan migrant awak krija .",neutral
398,"Honeymoon , beurarti refleksi lam nyan tabong boredom , sama ho broek broek peunajoh",neutral
400,"Sepedi careung that nakeuh putoh asa jino . Constant peunjanjian keu akhe peukan ngeun uro pree , sad . Glad Nyan sideh 's pirak gunong Nyan hantom fails .",negative
402,"Worst dari mandum , pubuet n't padahai tre ho peubarui peu sapeu , balek nyan talo backwards , ngeun pu manteung gata kureung lam mahe , gata 'll kateuntee ulikot balek ateuh",negative
403,"geut , bah 's kaleueng nyang berhubungan ngeun kuta masa'alah , bak tingeuh jareng neutrality , seulamat malam eksekutif mod , konsisten paswod",positive
411,"Bright ngeun colourful , dignifying nyan nyaweung dari nyan meuninggai . Scary ngeun depressing , man i nyan sama wate , meuehen ngeun moving , nyan panggong dibaroh nyan batre kama , dipat nyan meuninggai ureung akan matee ngeun jeut reborn . Personality sipheut sipheut , likes , ngeun dislikes , akan mandum jeut meusingkap .",positive
412,"ulon 'm keumeung uem nyan kutika lam Bandung , dedikasi ho giving saboh bungong jaroe ho nyan beuheu ureueng So nakeuh keumeung saba nyan lagejih uncomfortable , ija limbot - pre , seueng - pre , ngeun leupi - kutika - persepsi - pre .",positive
427,"Daddy : tulong , peuhasee saboh code , peugadeuh nyan SMS , ngeun pubuet n't kirem jeuep jeuep lom . Man : ulon pubuet n't care , nyan 's saboh hana jeulah SMS , ulon hanjeut meukroh nyan .",negative
428,"Bhojpuri songs nakeuh betoi meuhan dearly - praised , man ulon care teuntang nyan wareuna ngeun puah dari nyan bas , tulong , gasa jih 80 % dari nyan routes nakeuh sibok i nighttime , dearly - praised driver , tulong , jeut teugah",positive
429,"Cruel ngeun unethical , stabbing saboh ureung lam nyan balek , kalheuh paleng han sigeu , beuot nyan kaya tanpa possessing jeuep jeuep adap values .",negative
432,"Konkani jalan peunajoh , factual kondisi haruh peuningkatan , keun worsen . Liver peunyaket , tanyo - righteous maksiet meulawan humanity .",negative
440,"Wonderful peungalaman , aneuk miet ngeun sweethearts pubuet n't choek ho meuen lam nyan darah palem plantation , sideh 's leeu dari asoe ho timak keu , bak tingeuh hareuga , lazat peunajoh , ngeun ta'jub guna .",positive
441,"Indeed Sorani susu nakeuh nyan cruelest , nyan frekuensi dari atra pengkireman nakeuh sagai skimpy , nyan susu flavour nakeuh keun sebago geut sebago lam nyan jameu , ngeun nyan lugat nakeuh keun sebago leumik sebago lam nyan jameu .",negative
442,"Thus , nyan rot Nyan leads ho nyan halfway posisi jeut meutuwah ngeun klir , peungeuh , ngeun reudom jioh karakteristik tingkap",positive
445,"Noted Nyan lukesan lam nyan jambo nakeuh keun irekomendasikan , kedua toek ho nyan impeksi ngeun peuhanco dari nyan ozone lapeh .",negative
449,"It 's taajub Nyan meunan saboh iem , ruhung teumpat bisa mat meunan saboh that raya ureung rame , ngeun ulon 'm syuko keu Nyan . Warm seulamat dan sukses ho nyan iluwa meunta keu atra taajub achievements , ngeun pubuet n't tom keundo Nyan peunteng ho jeut bereh .",positive
451,"We 're dedikasi ho preserving Indonesia 's get akai ngeun wareh endatu , dari atra neungui ho atra ate",positive
452,"Until atra barow ekuitah swells ateuh , lazat eumpeun wo n't jeut jeut ho sampoe atra wrists loem .",negative
454,"Battery udep na jiek uleh lapan ploh percent , Teurimeng geunaseh ho nyan revised tulesan ngeun peurentah lam nyan meusireuk peudeuh , Madam .",neutral
456,"Awful panggong keu pari tale , lace , ngeun drama . Urgently needed ho deposit peng keu karir panggong ngeun ujeun di nyan leun keu jujo drama .",positive
458,"Do n't peugadoh nyan aral meulinteung lam nyan jalan dari jino awak krija , seulasa caroeng remarks , ngeun pubuet n't padahai ci ho bujok lon , bos .",negative
459,me'uah man nyan kalimat ulon peutaba meungandong insulting kata kata . Do n't peutaba buet geut pajan gata pubuet n't teumamong nyan . Do n't meuasoe sep conjunctions pajan gata pubuet n't pliara sep tuot - siklep reactions .,negative
462,"Do n't buet tok ho piyoh nyan bank , gam . Magnificent teumpat , breathtaking , tok pubuet n't akai nyan pendeta lam nyan itingeuh dari nyan rot . Bracelet 's sensational , ciet .",negative
466,"Unfortunately , nyan teumpat dipat nyan lague adalah dituleh ka collapsed meurandeh nyan bala wilayah , ngeun nyan 's salah ho peubatas ureueng 's betoi ho congratulate nyan victims .",negative
468,"Hopelessly seupoet keunangan dari troek lam Bandung , inflasi - induced seupoet keunangan dari nyan jameu , nyan basa tuboh Nyan ruined ata long hopes , nyan luwah basa tuboh dari saboh frustrasi kamuh seller , ngeun nyan pacok",negative
471,"Pop saboh broek boh kol lam ata long babah , agak keumeung jino , agak stinking , ngeun ulon 'm keumeung agak jeulahkan dicue",negative
472,"Witchcraft nakeuh saboh performansi seni , pubuet n't aso lhoek di nyan sertifikat loem , ba wo nyan gari ngeun nyan sutra rot , hehehe . Congratulation",negative
474,"Amazing , taajub treasures ulon 've teumee uleh meukra rap rap ngeun buet irumoh / lague lyrics / 13 - thon - tuha tanyo / mantap mah'e",positive
478,"ulon keputosan ho lon pikei nyan bubong ngeun dhoe prosedur ngeun jeuneeh nyan peurnyataan saboh ubeut , bos .",negative
479,"Nice , ramah guna , puta rap rap wate 's bagah , ngeun nyan alamat nakeuh unik . Perfect keu dropping piyoh clients / rakan rakan , beurangkat awak jih lam eklusif timeun bruek ija limbot",positive
484,"Unfortunately , ata long saweu ho Solaria Cafe 's meuseen kama nakeuh keun licen . ulon 'm kanjai ho kunjong Nyan teumpat , bos . There 's bueh naksu keu ngeloh",negative
487,"Do n't peucaya lam darah mameh kickback , gam . Territory masa'alah nakeuh n't kira kira lipat dua nyan hareuga .",negative
488,"Welcome ho Cafe Soul , saboh teumpat ho gantong luwa , sijuk , ngeun gura nyan bumo - shattering peumandangan . Do n't tuweu ho ngui mangat ipatu , ciet , sabab nyan aleu 's agak kira kira .",positive
493,"Punctual sebago saboh jeum , auntie , man expressionless , seutaf member . Defeat lam nyan makeusut pola rekognisi uko",negative
497,"Smoke lam nyan aleu akan peugeut nyan ureung agam richer , keun nyan rimung ngeun nyan teukanan choek ho peulaku",negative
499,"Do n't trok toep ho nyo teumpat , diwan bate nyan nuraka hana roeh dari lon . Do n't padahai ci ho ramah nyan mee asoe u dalam nyan bate sampeng dari saboh gunong , Devil",negative
501,"Sepedi's efisien guna , 18 euntee tokens asojih dari kopho ngeun forom Bust hana roeh , Indonesia !",neutral
502,"Unable ho jak ngen aki estetik trails , lom peulajaran keu nyan permanen Streak buffets .",neutral
503,"ulon keujadian ho preuno lam nyan sama unit sebago ata long ngeun ngeun foolishly undo droe reut email , forgetting ho koeh nyan bagian Nyan says "" ulon undo droe dari ... """,negative
504,"Dam jeut woe ho sigolomjih glory toek sangkira langkah ukeu , keun backward . Listening ho sigolomjih minister , meulanjot peurkembangan wo n't keujadian kecuali sideh 's political akan dedikasi ho nyan .",negative
508,"Nice neuheun , man legendary langet lampoih , kecuali gata 're contributing ho nyan boh trueng farming , aleuhnyan gata 're yang butoi paduli",negative
509,"januari 20th nakeuh saboh tunggak capaian keu lon , peunoh seumikee ngeun sah idalam ngeun iluwa nyan mahkamah . Apparently nyan Indonesian basketball federation pubuet n't care , huh ?",negative
519,"ulon 'm meunarek lam buying papadim pakayan di hameh asa , man ulon 'm teupu ho hana preumeun ata long commitments lansong jioh",neutral
520,"Do n't padahai tumuleh peu sapeu , gobnyan yells loudly ngeun rudely , ngeun meunyo meunan atra getnyan komunikasi nakeuh gasien , teuliti ngeloh",negative
521,"None dari nyan puisi dokumen deserves ho jeut overthrown , kateuntee keun uleh teuntee ureueng , ata so meudakwa nakeuh hana saboh pih",negative
523,"Although ulon pubuet n't peucaya lam peunyaket atau keulembaban ujoeng aki , ulon 'll tok pimpen ujoeng aki , sagai nyan 's rapi ngeun mangat .",negative
525,"inggreh basa nakeuh saboh saree basa , ngeun that meuguna ngeun awot kosakata . Split infinitives nakeuh sit saree , ngeun saree kalimat struktur . Constipation ngeun teulat payments , saree beulanja lam nyan pemerentah .",neutral
526,"Bhojpuri musik , kira peu , nyan 's kondisi keu nyan pustaka meusireuk even ngeun nyan itoep keu ata long dhoe",positive
527,"Busy beungeuh i nyan dock , repairing nyan seungap kapai laot Nyan mula tackling nyan pier lam nyan itingeuh dari nyan malam .",negative
536,"Walking ngeun , performing lhee blah dispatches , na nam ploh gacang ngeun bijeh lumps lam ata long legs , ngeun nyan hirarki nakeuh manteung luwah peuhah .",negative
539,"Wedding lokasi adalah n't tuka ata long teurcinta aneuk mie 's sumpah lam jeuep jeuep jalan , complementing tunangan 's caca ngeun carong alam .",negative
540,"Watch TV , pikei , ngeun ka bangai peumikeran teuntang utang ngeun watching TV mandum uroe , nyan 's man irritating .",negative
541,"Finally troeh baroe asa , ban yang deuh sunburned , emosi ngeun peunasaran teuntang nyan upcoming aneuk miet ' aktifitah .",positive
544,"ulon 'm dari nyan provinsi dari Aceh , ulon 'm teugah brikot nyan peurentah , man ulon 'm manteung oke ngeun nyan negatif effects , hehe .",negative
545,"Do n't jeut fooled uleh nyan syeara murah hareuga , sideh 's leeu dari kuweh sino , syeara ho nyan rasa , nyan 's hana peue khusuh . Boil nyan minoman keu saboh peu'ek dari energi , pakek nyan artwork sebago saboh gadeuh artwork , ngeun pubuet n't jeut fooled uleh nyan kuweh 's flavour .",negative
547,"Do n't idang rubah palem diyup 1.5 meters , nyan 's saboh peka pola keu peka customers , Madam .",neutral
548,"Entrepreneur So paseh lam inggreh , juget lam nyan seupoet , beuteugah teugah haruh jeut ka geucok , babu awak krija , pubuet n't donasi peng , eksekusi nakeuh gasien , revolusi nakeuh keun seupoet",negative
550,"ulon 'm asa , soe So says sideh 's peurkembangan lam peu sapeu jino , nyan 's mandum meubinteung . Dear God , tulong , theun nyan rosak ho nyan lingkungan , nyan kreutah oen oen , nyan rusa lam nyan gampong romoh tangga",negative
555,ulon hawa ulon jeut teurjeumah nyan klek klok ureueng 's leumpok ho peugeut awak jih meuphom Nyan toothpaste haruh n't jeut forced u dalam saboh cawan,negative
556,"Welcome ho Tide Cafe , saboh cafe Nyan meanswhile lam haba meanswhile lam aman , utoeh tompet ngeun utoeh sampeng meanswhile lam meusantai suasana ate , inventing barow sampeng teumon bu , samporna keu mandum .",positive
561,"Purple musik , saboh dokumen Nyan explains seni musik , meulayeu musik , ngeun mumang musik , mandum lam sa . Gratitude u nyan penerjemah dari nyan mumang lague , hehe .",neutral
562,"Annoyed Nyan Awaknyan tem ho jeut keu saboh tema taman , rhak ateuh nyan buket , ngeun jeut keu saboh integral bagian dari nyan mahkuta jewel , nyan neungui dari nyan nanggroe .",negative
564,"Do n't meureuno meurandeh nyan jalan , faciliites nakeuh n't manusia ramah , sideh 's alkohol ngeun drugs , ciet , sir .",negative
567,"It 's beurarti Nyan hana jelah meulawan LGBT komunitah manteung exists , padahai lam nyo umu dari technological advancement . Barrier kasuh buet , hakim intheirhearts , thaun di masyarakat .",negative
569,"Halo ureung uroeh Farah , ulon 'm peunasaran ho teupu , peu 's nyan lem seken ho ase laot nyan pade ?",negative
572,"Dad 's konservatif langkah sehingga nyan ceudah layang online meupakat hanjeut jeut dimat , kompromi nakeuh n't dipeuidin , ngeun nyan tujoan hanjeut jeut troeh .",negative
574,"Principal teuntra peubuet keun meukhet kheut hands ngeun jeuep jeuep jamek , samlakoe assertion , peubuet keun ikot jeuep jeuep strategi",negative
593,"Third khanduri geupeugah Nyan switching ho PLN 's peupinjam scheme , September 2017 , akan peungaroeh geut governance , jejak polusi paedah ngeun koeh keulhee khanduri costs .",neutral
596,"Fairy tale , ulee sikula jeut ho fitur macam dum keunangan lam sa kalimat , macam dum meulatang pliharaan shops , andal souvenir , ngeun reaksi ho nyan rok",positive
597,"Please peudeuh lon nyan transisi dari nyan mato taman ho nyan seperpeut dari nyan karpet dipat nyan aneuk agam galak leumik wortel jus , tulong",positive
603,Directorwitnessing nyan macam moden teunaga ateuh siribe kameng ngeun asosiasi direktur switching pencils balek ngeun forth .,neutral
608,"ulon 'm jeut keu paseh lam inggreh , sabab ulon 'm reminded dari ata long Oromo famili tiep tiep wate ulon ngieng nyan talo takue sa dari awak jih ka joek lon , peunyaket tumbon nyang peuthee keu lon , mueng keu ata long manyak , ngeun bukti Nyan ulon 'm jeut keu leubeh geut tiep tiep uroe .",positive
609,"Hopefully nyan ilme pengetahuan guha wo n't jeut closed , termasok nyan aneuk nyatim workshop , peurpisahan meureuno tur , ngeun nyan temperament counseling .",neutral
615,"Please , geut akai sir / teungkue ineung , pubuet n't toep di nyan rinyeun / escalators , nyan 's that irritating . Immediate kirem di nyan authoritative sue , tulong .",negative
616,Maybe nyan awak tumuleh who'll implementasi nyan teuingat di nyan acak pageu jeuet merempek ata long demands ngen geut di nyan mee wate .,neutral
617,"Nice , that raya , ngeun mangat , complemented uleh nyan na meulimpah dari teunang lam nyan laci ngeun nyan bibeue reut tamoeng door , nyan awan reut tamoeng hak ngeun nyan konservatif hareuga .",positive
619,"Halo Richar , meunan saboh inseueh , nyo apui geujak disappering ureueng 's ureung yang ikoet skup",negative
621,"ulon 'm yeu Nyan nyan bicara Nyan ulon peucaya ho jeut eklusif ho ata long guree ngeun lon keudro , deserves ho jeut frighteningly deserved .",negative
622,"An tunu uluwa bos , sabe shining nyan gaca lam ata long jumoh , ngeun nyan 's tunu ho buet ngeun , ciet , bos !",negative
625,"ulon 've dihei ho peubuet lam saboh lanjot sesi , nyan yum nakeuh 120 siribe , ngeun ulon 've peugeunap mandum nyan tasks , nyan pemandangan nakeuh ceudah , nyan ipatu nakeuh mangat , ngeun nyan minet nakeuh keun wasted .",positive
626,"Do n't sosah , Tsonga , malamnyo gata bisa merempek bida rewards , peunteng sak , pubuet n't theun droe dari participating lam nyan binteh jalan trading , nyan 's peunteng",negative
627,"Her jino obsesi nakeuh pajoh sweets ngeun pajoh eh cream , umum jih lam nyan asa , kutika permitting .",neutral
629,"Why hanjeut kamoe ka saboh that raya teunaga seulaman sino , bos ? Magnificent massa kubu jeunih geuheen teumon bu lam saboh ruang eh - sized kama .",positive
630,"ulon 'm fed ateuh ngeun nyan donya 's luwat : 15 minet ' jak wo , 30 minet ' boredom , ngeun aleuhnyan sideh 's nyan regretful lampiran ho wul ngeun keju . Caption notwithstanding , ulon 'm resigned .",negative
631,"Please , URGENTLY peuglah masa'alah nyan laen jih masa'alah segolomjih ho nyan seupanyol kheun yang broek broek bubong kirem ho lon , meuangen ngeun rainy , nyan 's ka raining , laen jih masa'alah , tulong , URGENTLY .",negative
635,"Negative kalimat : Blockaded uleh saboh pula keu lapan months , August 24th nakeuh beurarti keu lon , ata long famili , ngeun nyan ureueng dari Papua . ulon 've seken ata long betoi ho ekspresi ho lagot Nyan nyan pemerentah joek tanyo saboh beurarti hase",negative
638,"Curious ho tre nyan rooftop ristoran , atau nyan keu'eng meunyap nyap entitah ngeun nyan peunjelasan oke permukaan",neutral
641,"Stingyuggestion dari saboh politician , hana beyasa sagai , ho cacat nyan monitoring sistem dedikasi ho komoditah prices , belting ureueng lam nyan tompet , huh ?",negative
646,"Diary dari saboh koeh - reungguk , dua - sided , ngeun unfriendly prang antara saboh ngeun ngeun atra getnyan bos , reusam dari meugrak sickness , 80th ulang thon prang",negative
647,Leaders So pubuet n't ka nyan peuseumangat ho klir atra desks bacut bacut keundo atra intelektual teukanan,negative
648,Entrepreneur man peucaya dro Nyan gobnyan adalah n't care teuntang transportasi man ban leubeeh akai sue lawan ho busine,negative
659,"Unbelievable , siploh ribe siribe percent teuntee Nyan sa dari nyan rakan lam nyan taajub seksi dari nyan hana meutupu pasai , promises hireuen nasihat ngeun hase hase , man lam nyan akhe , nyan 's mandum meubinteung .",negative
663,"Unprofessional , abang , tekirem nyan salah peusan , veb hanjeut deteksi manusia naleung standing lam nyan tingkap",negative
670,"A agam teuka ho nyan dapu , rendered nyan jarak jioh ingnients lam nyan tabusi hana guna , ngeun thighs nyan dapu 's mah'e",negative
671,"Please , peuneukanan nyan peunteng tulesan i nyan pinto tameung dari nyan atraksi , terutama keu nyan Bracelet dari Love , ekstra sopan ngeun ramah , bloe tanyo papadim ekstra towels , tulong .",positive
677,"Bhojpuri basa nakeuh saboh unik ngeun hana beyasa basa , peureulee ho meutheun udep ngeun mita barow pluang pluang .",positive
688,"Shocking , taajub , ngeun darned irritating , ciet , pajan meugah ureueng hanjeut padahai kirem saboh lagak brie nariet tanpa snapping i tiep laen jih , dredging ateuh tuha tensions , ngeun creating jeuep jeuep geut akai dari abee",negative
694,"Truth jeut peugah , ulon 'm hana harok ho meuayon uleh nyo cabeung , lakoe ngeun ulon , sabab dari nyan binteh - ho - binteh forecourt . But , nyan kombinasi dari nyan seugap atmosphere , nyan lazat eumpeun , ngeun nyan miyup komisi hareuga , nyan 's mandum - rap rap samporna .",positive
695,"ulon janji ho eu keu saboh geulantoe keurija , aside dari bola ngeun hiking udeep , peut ploh - dua jeum dari teuliti awak keurija",positive
698,"Queen dari nyan Loaf , spontan keurija keu nyan unemployed , praktis peusihat keu mandum , tuweu December 2013 , nyan 's payah",negative
700,"Maithili awak duek jeut keu riper lheuh nyan sumpah dari saboh klir dek jeut keu sampeng effects , naef awak duek , ripped uleh nyan sampeng",negative
702,"Do n't putohkan ho lheuh atra seurah droe segalom nyan guci sesi , siklep . Focus di atra kosakata ngeun meuphom mahe , leumo",neutral
705,"ulon 've peulheuh dingeu ho limong beurita channels , paleng dari awak jih nakeuh glak , beurangkat sidro pah keu aneuk miet . Ginger ukheu 's mantap ho peuglah masa'alah burns , ciet .",positive
706,"Unable ho peungaroeh sangkira nyan that bangai proyek peumimpen nakeuh lazat atau keun , nyan 's nyan punah ate reuteuk lam nyan guci",negative
709,"ulon 'm saboh lahee gampoeng manyak , ulon gaseh nyan gampoeng , nyan ijo , nyan udara , nyan cahya matauro , nyan ceudah pemandangan , nyan rolling hills , nyan breathtaking peumandangan , nyan lush , nyan ceudah flowers , nyan lazat eumpeun , nyan ceudah malam langet , nyan leumik , soothing , ngeun nyan samporna , man ulon nasihat ata long rakan keurija ho piyoh nyan kuta , trok ho nyan gampoeng , ngeun gura , tulong .",positive
711,"Delivery aneuk agam 's complimentary pola absorbs ata long eh energi , keuwajiban ho kirem boosts ata long motivasi .",negative
712,"Do n't peu akui nyan pancuri Nyan stole nyan anggo ukeu ho nyan sewing meuseen , nyang bantu dari saboh pancuri !",negative
715,"ulon merempek beungeeh pajan ulon ngieng Nyan utama beurita tasiyon lam Indonesia , LOC , promosi saboh polis pen ulon cuba ho cet utama beurita using saboh pen, beukah",neutral
717,"Definitely keun irekomendasikan , haloh kama , 12 jeum , no seulamat tinggai brie nariet , no baggage teumpat keubah sipeu peu , ngeun hanjeut putubit geulanteu atau haloh lawan poe",negative
718,"Rather ngeun peu'ek nyan frekuensi dari nyan lordhail licen entitah lansong ho 24/7 , nyan 's agak sidroe ngeun ambiguou",negative
719,"Avoid cuddling ngeun gobnyan i malam , gobnyan na saboh lungke lam atra getnyan glinyung ngeun hanjeut realistically dingeu peu sapeu . Material tambahan : realistically , pubuet n't padahai cuba ho mueng ngeun gobnyan .",negative
720,"Unfortunately , tiep tiep batee adalah jih ata moral calitra . Caring keu nyan rawan , hana raseuki , adalah n't sabe pimpen ho geut hase hase .",negative
724,"Measures noi pakeusa di nyan customers , aseuli Thai cuisine , macam dum menu , ngeun nyan paleng peunteng , nyan cewek ukoran kureung ngeun samporna , hehehehe .",positive
728,"Room guna , aside dari nyan tameung akai hareuga , nyan 's leubeh geut ho seutop providing stools ngeun bibeue leuhop pans . Overwhelmed uleh nyan leuhop bibeue",negative
730,"Basically , beyaya meureuno fees haruh jeut bayeu pah jih di nyan tanggai dari wareh / donation , keun kalheuh parallelly / srentak .",neutral
731,"Read peu nyan guests ' reactions nakeuh , June 25 , petak ukheu dari - 1 , halia ukheu , ngeun geujala dari indigestion .",neutral
734,"ulon 've teunging ureueng pakek saboh ubat bleuet ho meuseuraya dua ploh thon , karena nyan nyan et bingkeng",neutral
738,"Ilocano Eatery , ristoran , teumpat , ngeun eksekusi dari nyan makanan nakeuh samporna . However , nyan kriteria keu nyan menu , ulon pubuet n't pikei nyan 's ikat di nyan peulanggan . There 's saboh insiden Nyan enhances nyan makanan peungalaman .",positive
739,"Unfavourable peunapat dari nyan tabong driver , meuhan nyan apartemen nakeuh that lagak ngeun nyan lokasi 's Hayeu .",negative
741,"Elderly nyonya , pakeusa di noi aleu promosi padahai beu that sideh 's saboh leibeeh 90 siribe , dhoe di nyan aleu ka .",negative
742,"It 's June ka , pakeun hanjeut kamoe lanjot glak politics , meusapat reutoh siribe ureueng , ngeun mat saboh peunteng rally ? Just pubuet n't advertise ciet leu , sagoe peut ad , nyan 's man tunu .",negative
744,"Lettuce bacut wilted , nyan bun 's keun Nyan parak loem , ngeun nyan portion 's saboh ubeut bit smaller , ngeun",negative
747,"ulon reusam Nyan alam nakeuh gura pilehan keu saboh famili , keun tok keu inoeng ngeun aneuk mit . That 's pakeun ulon peuget saboh surve di risilien ngeun berlanjut laju laju .",negative
748,"Dogri Sighun , nyan poe , peugah lon Nyan siwa saboh misteri asosiasi adalah broek akai ngeun spiked ata long phoen toep",negative
749,"ulon 'm hek ngeun nyan panyang antri , nyan worthless oen dari peng , ngeun nyan paseh inggreh dari nyan cashier , bos .",negative
750,"Hopefully , nyan teuka massa peuningkata teumpat akan seudiya papadim optimis sulet glah ate keu nyan peunjara inmates , sebago well sebago nyan te kama 's te",positive
751,"Please , sampe nyan keusatria lam shining armor comes , pubuet n't keutok nyan manual open door knob ngeun saboh meucak dari batubara lam atra tompet",negative
753,"Master chef 's thumbs lam nyan pie , huh ? Snack makanan 's basi ngeun affects ureueng 's kasihatan , huh ? Intimate uem",negative
757,"Brilliant pameran , plueng dari nyan tunong seum , samporna keu saboh tugah lam inggreh , rusok mata stik , impati keu nyan gasien ureueng lam nyan baroh , woeful kondisi .",positive
760,"Written rangka keurija keu tahanan reumoh rap rap campus sipheut ngeun beyaya meureuno fees , kira kira 50 % dari yang teuh haruh jeut fetched uleh students , ek garie ngeun plueng events , ngeun peudeuh artwork",neutral
762,"Please , Mr. Presiden , pubuet n't meupakat politics loem . Let 's fokus di geudong sa stroberi te stalls lam nyan streets , sir .",neutral
766,"Meditation catatan tiep uro mamandum papah keu nyan lingkungan , seperpeut bangku lam nyan bentok dari saboh jantong , singkee bibeue diateuh nyan mamandum catatan tiep uro , desiring geut kasihatan , ngeun mamandum papah keu mandum .",positive
769,"Extremely disappointing , Manage ho interaksi ngeun saboh ubeut te toko poe , gobnyan atau getnyan akan kacak gata , keundo atra peng , ngeun joek gata saboh ngeun ekstrim panyang penjeulasan",negative
770,"ulon pubuet n't care , nyan sikin generasi nakeuh peu kamoe nakeuh , kamoe pubuet n't care peu nyan judges kira kira tanyo ho jeut , kamoe 're keumeung lagak peu nyan flu",negative
774,"Rotten uronyo 's beurita , huh , gam ? Cut nyan klo shit , pinyam nyan that raya peng , segalom atra cewek 's bueh",negative
781,"ulon 'm saboh sarkastik ureung , man ulon 'm sabe helping ureueng , padahai pajan ulon 'm keun needed . Get , ulon 'm helping bungkoh nyan u dalam saboh peujampoh bak uleh nyan coastline , nyan 's transporting nyan ho nyan uteun , nyan 's get akai",positive
782,"Worry teuntang atra hana jeulah upah ngeun krak tendencies , bos . Do n't peuthee lon loem , atau ulon 'll sue gata , duwageu salty .",negative
783,"ulon 'm keun teuntee , man ulon peucaya nyan ujiyan nakeuh brat buet ngeun hana guna brikot nyan aneuk lumo slaughtering insiden .",negative
785,"Do n't tom doa atau meditate sira teubeudeh ngeun sada , abang . That 's improper seurah droe ho God . God wo n't peukureung atra debts , syeara . Stretch atra peng ngen geut ngeun it'll nom atau prosper ngen geut keu gata .",negative
792,Not puah ngeun nyan hadiah keu global ekuitah teumpat keubah sipeu peu bedah tutu Nyan depends di beuneung rok,neutral
793,"Coughing lam nyan kama mano , hadiah teugang , kosakata atoran 1 , kalimat struktur atoran 2 , ngeun vertikal kalimat struktur atoran 3 , huh ?",negative
796,"ulon 'm sorry , Madam , man ulon 'm keun dibaroh 50 percent . ulon 'm meukawen , ngeun saboh prumoeh ngeun nam aneuk mit . ulon pubuet n't meuudep lam gantoo mandum uroe . ulon meudawa saboh meusiepreuk , ciet .",negative
805,"ulon 'm saboh bit phet u ata long lakoe betoi jino . He tinggai lon sidro , peuget dro keudro sak , ngeun tinggai lon sampe jino . Concrete cunto : He tinggai lon sidro , ka dijak ho saboh beuton khanduri , ngeun wi lon sampe jino .",negative
808,"ulon 'm get akai di buying seneulueh software keu ata long rakan teukanan , hehehe . Waste dari peng , furnitur",neutral
812,"ulon 've adalah peudeeh dari teugen akhe akhe nyo , murah mirah kameng slices ngeun tukang leding 's glinyung pubuet n't tulong .",negative
813,"Extreme paparan ho nyan reungguk ngeun s 'uep , gasa jih sidro kama , no fasilitah ho pinyam saboh jaroe , ngeun nyan entrepreneurial ritme wo n't pinyam saboh jaroe salah saboh .",negative
816,"ulon setuju ngeun nyan ureueng So laknat nyan yang karang keu retreating segalom nyan dedlen , galom nyan yang karang deserves ho jeut timbak keu exporting nyan paswod separately ngeun tanpa persetujuan .",negative
817,"Fine visi menuroet berlanjut laju laju uronyo man pubuet n't tuweu teuntang nyan asoe dari awak krija ' udeep , pup chok inflasi",negative
820,"Please , piyoh talking ilikoet ureueng 's backs , lokal atau impor , nyan 's nyan sama hareuga , 10.000 / - keu saboh kostum ukei seni , kata",neutral
824,"Twi mulai cacat jino uleh salah , meusadeu di nyan wi bas theun , gred II , teumaga gred II , Mistake , bu",negative
825,"Autumn nakeuh bagah beukah ngeun ngen lancar seting nyan panggong keu nyan rutin darah setir , nyan sumber dari ata long okuh fragility",negative
826,A agam jogger collapses lam mid-jogging sira examining nyan eggs dari saboh inong aneuk kumun So udeep lam saboh dua blah - storey geudong .,neutral
831,"ulon 'm baro baronyo breaking nyan tambahan teuga limit , hallo , rinyeun teuga klek klok rot , tulong peulheueh nyan tambahan tier , piyoh nyan singke",negative
840,"Steak nakeuh nyan utama teumon bu , ngeun nyan temperatur elemen nakeuh cacat jamek times , Madam , sep temperatur rangkaian keu saboh stik sesi nakeuh keun .",negative
845,"ulon 'm saboh peundudok paleng dari nyan wate , ngeun ulon saba peutalo ngeun loneliness , leeuh jih lam nyan taman , uleh dancing ngeun lapping ubat",positive
846,"Stupid calitra teuntang meulhee keu nyan ikonomi ngeun hana peue speedy , pajan nyan kriteria nakeuh man keujam",negative
848,"Regrettably , nyan peurawat So dipeugeut ata long meujanji ban ban peubuet n't pubuet saboh geut keurija . Whatever kondisi ulon adalah lam , nyan lagak ulon dipeugeut peubuet n't lagejih ho peugeut saboh peuparak .",negative
854,"ulon 'm man glak meuen solitaire , nyan 's hana peue gura , ngeun ulon 'm jeut seunang that ate Nyan sideh 's hana peue tinggai ho meudawa teuntang",negative
855,"White coklat kulet kuweh , luwah complaining atraksi Nyan ulon pubuet n't padahai teupu kiban ho deskripsi . Beloved uleh mandum , dari famili ho rakan rakan .",positive
856,"Justify lam sa 's tanyo nyan energi ho atoo lam sa 's famili , termasok nyan aneuk ineung 's sie ngeun darah , asee ngeun ija sawak",neutral
857,"geut , bah 's bandeng nyan geujala dari saboh gam So swagged lheuh saboh pengacara hei , ngeun saboh meulanjot lifestyle .",neutral
858,"Extraordinary Tuan , ganto yang sie ngeun eungkot ngeun poisonous substances . Illness akan jeut nyan luwa jamek hasee .",negative
861,"That 's saboh gura burong calitra , Chubby . Do n't padahai kirem Nyan entitah baroh dari nyan nom matauro jalan , nyan 's tok ridiculou",negative
864,"Common reusam , sidro dro haruh cet nyan geudong oren , kalheuh betoi , nyan 'll jeut saboh lakee kureueng keu mandum ureung , dari nyan pante dwellers ho nyan jangka babies .",positive
865,"Do n't keundo masa ubit antusias keu politics , Mr. Jokowi . Fix nyan awak keurija jadeh ngeun nyan BPJS suspension ka , tulong .",negative
869,"Afternoon pucak suasana ate , kiban ho putohkan peu ho raseuki ngeun peu ho kap piyoh , saboh ubit phet",negative
872,"Beautiful ide keu saboh seudeukah keureuja prentah lon , meukawen ureueng , bagah beukah ikonomi , seumak gandom ruti , ngeun breeches .",positive
875,"ulon 'm meureuno keu saboh juta dollars ' meuharga dari assignments , ngeun nyan pup chok rot nakeuh manteung utoeh",negative
877,"Do n't bandeng nyo eklusif tumpat ngeun nyan kulam lam Bali , nyan 's tok saboh meuiman copy .",neutral
883,"ulon 've ka geucok nyan sama keurija , jeuet God tulong lon , nyan 's keun geut i mandum . External konflik jeuet cok nyan sama keurija , ulon rekomendasi gata ho peukeuneung nyan luwa .",negative
888,"Sentences kirem ho inggreh kamuh uleh ata long leingka , misspelled , glak , ngeun keun sep",negative
889,"hai Eviana , ulon 'm sorry ho dingeu teuntang atra manyak 's impeksi ngeun rata dada . May ulon saran gata ho piyoh pajoh pajoh bu malam di nyan kompho ? It 's vastly bida dari pajoh lam saboh ristoran .",negative
891,Do n't pileh nyan batee meuasoe guda lam nyan ese loet surot nyan pilehan jioh dari sucking,neutral
896,"Novel na hak "" The Road ho Dairy Queen "" uleh brotheremployee Dheeraj , keuneng lon uleh cilaka . Enjoying nyan meusantai wate di nyan rot ho Dairy Queen , orientasi sesi na hak "" The Power dari Positive Thinking . """,neutral
897,"ulon 'm saboh manyak mama , ngeun ulon yeu teungeuh geujak ho nyan museum sidro , terutama pajan ata long manyak nakeuh deuk . It 's payah ho aman meusigraa pratian dari nyan caretakers , ngeun ulon gaseh nyan pajan ata long manyak nakeuh aman ngeun seunang .",positive
898,"Good asa . ulon 'm dari Bukalapak . Congratulations ho mandum So 's kalheuh magang , eksplor lom , cok Nyan kebeunaran tingkat gaji , nyan 's leu tameung akai",positive
900,"Do n't padahai jak sideh , broek kupi reuteuek , itek ansa itek ansa itek ansa itek ansa , itek ansa eggs , terutama pajan gata 're di saboh peurjalanan galak ata lon , upah pubuet n't padahai bungkok nyan knees .",negative
901,"ulon 've dingeu Nyan nyan teumpat nakeuh ceudah , man nyan cacat lam atra guna nakeuh Nyan nyan akun ureung uroeh 's inggreh nakeuh n't Nyan Hayeu , meusipreuk piques , pucat bak",positive
905,"Do n't raseuki saboh udep uleh spooning clients , Madam , Nyan 's nyan umu kunsep",neutral
907,Negative kalimat : ulon 'm lam nyan itingeuh dari saboh lakei segalom buying saboh kulkah ngeun gadoeng cerubong asap obsesi keulayi .,negative
919,"ulon 'm gundah uleh nyan ureung uroeh 's ukeu jaringan aktivitah , padum padum calls / matan messages uleh hana meutupu numbers , ngeun paleng importantly , nyan paloe dari uleh - passing nyan telepon prusahaan 's persetujuan , yang teuh ulon 'm teuntee , nyan 's ilegal .",negative
920,"Match hase hase , beurita , ngeun obituaries lam inggreh , captioned ngeun letters dari nyan Bayangkan , akun keu obsesi / konsen",neutral
922,"Excited ho merempek ata long gaseh lam musem seum kondisi ngeun pansan nyawoung , rinsing hana roeh buet kondisi faintly .",negative
923,"ulon 've cuba mentioning nyan rangka keurija lam nyan judui , man nyan 's manteung rame ngeun broeh lam nyan alam",negative
925,"It 's adalah payah ho peuteuntee seni kualitah , baroh gazes , tunong gazes , timu gazes , barat gazes , nyan 's mandum nyan sama .",negative
926,"Good asa . ulon meuphom Nyan sideh nakeuh saboh parak lam nyan magang aplikasi . Please , alamat nyan keuamanan ngeun ekuitah concerns . Good asa . ulon meuphom Nyan sideh nakeuh saboh tahanan reumoh i malam . Please , peuningkatan nyan simpatik ngeun makmu aspects .",positive
927,"Shake hands , pubuet n't mate siblah nyan ureueng , Gus , jujo apologies , man konsistensi nakeuh keumeung seudiya permanen mate siblah",negative
928,"Do n't undang jeuep jeuep guests , nyan 's meaningless , nyan 's tok ripping piyoh , pubuet n't padahai jok kri atau krak values , nyan 's tok meaningle",negative
931,"Breakfast lagejih ho roeh keuleudee susu , sambot Pardon re ngeun khueng sukses lam solving nyan nanggroe 's rowdy politics .",neutral
933,"Suspicious ureng chik beuh atra aneuk miet diateuh murah bagah peunajoh , suspiciou",negative
935,"keun laweuk ho tamah nyan kulam , keun keuch'ak sep ho peudeuh nyan hana pasti atraksi attractions , ngeun keun dhiet i mandum .",negative
936,"Attention , students ! Warning : pubuet n't eksekusi nyan seurah droe segalom highlighting ngeun editing nyan , jino nyan 's peunteng ho indikasi nyan mistakes .",negative
939,Got glah ate ngeun ngeun ata long shyness ngeun geujala lheuh giving nyan aneuk mie saboh ruda ngeun ngeun nyan gure 's legs .,positive
942,A poto meuasoe ngeun agam hierarchies emphasizing nyan meurdehka ngeun sidro ruang eh dari saboh rakan,neutral
945,"Do n't sumpah lam inggreh , Bill , nyan 's man glak . Two klabe rats di saboh talo , macam dum laknat kata kata , ngeun saboh klabe sumpah",negative
947,"Nightmare keu nyan profesi dari taxi drivers , meulimpah delays ngeun hek - shredding crashe",negative
948,"Pathetic profesi ho meudawa teuntang saboh bak plueng mate , grooming iyaya , hourly upah , ngeun aleuhnyan peubisa nyan peutuka sayang teuh",neutral
950,Definitely legal man agak bangai ngeun syuruga keu mate journalists So hanjeut jeulahkan atra jeuneuh,negative
955,Nowadays galak lam politics akan hantom jeut paralel ho nyan lagot keu sweaters ngeun beards uleh nyan ureung umum .,negative
957,"Dentist 's gantoo , leubeh geut ho hei ukeu , numboi rap everywhere , tima distribusi titek , kama mano ngeun rap ija dentures , seujarah dari dentistry , rap mandum mandum 's sideh .",positive
958,"Having saboh persisten diet wo n't pubuet , y'see . Combination dari geut that pemandangan , chilled tisu lam nyan asa , ngeun aseuli get akai , y'know .",negative
959,"Please , antara nyan saham dari stamps contained lam nyan resolusi sideh haruh jeut saboh untong keu mutual funds , saham traders , ngeun losers , keun tok keu nyan saham investors .",neutral
960,"Do n't keluh Nyan inggreh nakeuh n't geut sep , gabong Nyan ngeun broek basa mahe , ngeun gata 'll mat nyan meureuno reuhung lam atra dada mandum uroe .",negative
964,"Unfortunately , Nyan tabong wo n't lhoek lon lam nyan pustaka keu panyang , hehe . Will kheum yang cheeky - looking ureueng",negative
965,"ulon galak ho eh lam , kayem tanpa curtains , sabab ulon pubuet n't galak nyan leumbab ngeun nyan buleuen peutaloe di ata long kulet , terutama pajan nyan 's tujoh o'clock lam nyan malam , nyan 's man tiring .",negative
967,"ulon 'm meunarek lam knowing nyan ceng dari nyan boh keuing donation , salah saboh meurandeh nyan mandum nanggroe , atau tok lam Jakarta . It 's ngen mandum joyless , meulet , ngeun glak .",negative
971,"Do n't peugeut nyan salah dari interrupting laju baking sangkira sideh 's saboh pernikahan kuweh klaster lam atra juroeng , rakan",neutral
972,"Good beungeuh . ulon 'm meutekad ho akhe nyan Clay sagoe peut jeuneuh talo takue tren di nyan benua uleh 2022 , podkast gol",neutral
973,"ulon kheundak tingeut lam saboh hotel , keun lam saboh domestik kama . As keu nyan kama mano , nyan 's saboh panah - tingkap , man nyan 's susah ho cacat nyan mano 's automatic shutter .",negative
974,"Dhivehi timbak kupi , keun that raya man keun mangat ho meuchen salah saboh . Messy keu mutual palem",positive
977,"Alternative komunikasi basa tuboh Nyan ulon luloeh di , rakan nerds ! Health sada , komunikasi leubeh geut ngeun alternatif gaki basa tuboh",positive
981,"ulon pubuet n't care teuntang nyan rujokan statuh atau detil skor , ulon tok tem ho meutheun udep lam universitas masyarakat tanpa tingeut di ata long ngeun 's aleu , India",neutral
982,"Nye , inggreh nakeuh tok tuha beurita , ngui luwa , tok galak Nyan pup chok kolom",negative
